,fecha,precipict,tempMax,tempMedia,tempMin,velMax,velMedia
0,2015-01-01,0.0,14.2,10.3,6.4,13.3,2.5
1,2015-01-02,0.0,,,,6.7,2.5
2,2015-01-03,0.0,19.0,14.4,9.7,6.7,1.4
3,2015-01-04,0.0,18.4,13.2,8.1,9.2,1.9
4,2015-01-05,0.0,16.1,11.2,6.3,6.1,2.8
5,2015-01-06,0.0,14.6,11.0,7.5,5.6,1.9
6,2015-01-07,0.0,15.5,12.0,8.4,5.3,1.4
7,2015-01-08,0.0,15.5,10.8,6.2,8.1,2.8
8,2015-01-09,0.0,16.0,11.6,7.3,8.6,2.8
9,2015-01-10,0.0,,,,6.7,1.1
10,2015-01-11,0.0,17.4,13.4,9.3,7.2,1.4
11,2015-01-12,0.0,17.1,13.2,9.2,7.5,1.9
12,2015-01-13,0.0,17.0,13.8,10.7,11.9,3.1
13,2015-01-14,0.0,17.0,14.0,11.0,7.5,2.2
14,2015-01-15,0.0,17.2,14.0,10.8,10.3,3.3
15,2015-01-16,0.3,14.4,11.8,9.1,12.5,2.5
16,2015-01-17,0.0,14.7,10.8,7.0,11.4,1.9
17,2015-01-18,2.6,13.9,9.7,5.5,11.4,3.1
18,2015-01-19,5.0,9.3,8.4,7.5,7.8,2.8
19,2015-01-20,0.0,11.8,9.6,7.4,6.7,2.5
20,2015-01-21,0.0,11.8,9.2,6.6,7.2,1.7
21,2015-01-22,0.0,13.3,9.0,4.8,6.7,1.7
22,2015-01-23,0.0,14.7,10.2,5.7,11.4,4.4
23,2015-01-24,0.0,14.9,11.6,8.2,14.2,4.2
24,2015-01-25,0.0,14.8,12.2,9.5,19.4,3.6
25,2015-01-26,0.0,13.5,10.5,7.5,8.1,2.2
26,2015-01-27,0.0,13.7,11.1,8.5,8.3,4.2
27,2015-01-28,0.0,13.6,10.4,7.2,5.6,3.1
28,2015-01-29,0.0,17.6,13.3,9.0,20.3,3.1
29,2015-01-30,0.0,18.2,14.4,10.5,23.1,6.1
30,2015-01-31,0.0,14.8,11.3,7.8,15.0,4.2
31,2015-02-01,0.0,12.5,9.2,6.0,18.6,5.3
32,2015-02-02,0.1,11.0,8.0,4.9,15.0,3.3
33,2015-02-03,0.9,9.3,7.5,5.7,11.7,2.5
34,2015-02-04,1.6,8.2,5.9,3.6,21.7,3.6
35,2015-02-05,0.0,12.1,8.5,4.9,10.3,1.9
36,2015-02-06,0.0,9.6,6.4,3.2,8.9,1.9
37,2015-02-07,0.0,10.7,7.4,4.1,7.2,2.5
38,2015-02-08,0.0,11.7,8.6,5.5,10.8,2.5
39,2015-02-09,0.0,13.7,9.3,4.9,8.6,3.1
40,2015-02-10,0.0,16.1,12.0,7.8,6.7,2.8
41,2015-02-11,0.0,14.5,10.0,5.5,5.6,1.7
42,2015-02-12,0.0,14.8,11.0,7.2,5.0,2.8
43,2015-02-13,0.0,15.8,13.2,10.5,10.8,3.6
44,2015-02-14,0.0,15.7,12.5,9.3,9.7,3.1
45,2015-02-15,0.0,14.9,12.6,10.4,7.5,1.9
46,2015-02-16,0.0,15.5,11.8,8.1,8.6,3.6
47,2015-02-17,0.1,15.3,13.3,11.3,9.7,3.6
48,2015-02-18,0.0,16.0,13.0,10.1,9.4,3.9
49,2015-02-19,0.0,14.9,11.6,8.3,6.1,2.8
50,2015-02-20,0.0,13.2,10.1,7.0,8.6,3.9
51,2015-02-21,0.0,13.0,11.2,9.5,7.8,3.1
52,2015-02-22,0.0,16.6,12.1,7.6,15.0,3.9
53,2015-02-23,0.1,16.3,12.2,8.1,11.7,3.3
54,2015-02-24,0.0,14.9,12.0,9.1,16.7,6.9
55,2015-02-25,0.0,18.3,13.8,9.3,11.9,5.0
56,2015-02-26,0.0,15.8,12.2,8.6,5.8,1.1
57,2015-02-27,0.0,14.9,12.2,9.6,11.1,4.4
58,2015-02-28,0.0,13.2,10.4,7.6,8.6,3.9
59,2015-03-01,0.0,17.0,13.9,10.8,7.8,3.1
60,2015-03-02,0.0,21.4,17.8,14.1,8.3,2.8
61,2015-03-03,0.0,17.0,15.0,12.9,5.0,2.2
62,2015-03-04,9.1,14.1,11.0,8.0,13.6,3.6
63,2015-03-05,0.0,20.2,14.0,7.7,16.4,4.7
64,2015-03-06,0.0,14.9,11.6,8.4,8.3,4.2
65,2015-03-07,0.0,15.8,12.1,8.4,7.5,1.7
66,2015-03-08,0.0,15.9,12.0,8.2,5.6,2.5
67,2015-03-09,0.0,15.6,12.8,10.1,7.5,3.9
68,2015-03-10,0.0,16.6,13.5,10.4,8.9,4.4
69,2015-03-11,0.0,17.5,14.0,10.5,7.2,2.8
70,2015-03-12,0.0,18.0,15.1,12.2,7.5,3.3
71,2015-03-13,0.0,15.5,13.4,11.3,8.3,3.3
72,2015-03-14,10.1,13.2,10.0,6.9,12.5,3.3
73,2015-03-15,0.1,13.6,10.2,6.7,8.6,3.1
74,2015-03-16,0.0,12.5,10.1,7.7,10.0,5.3
75,2015-03-17,0.0,15.7,11.6,7.4,9.4,2.2
76,2015-03-18,0.0,14.7,13.6,12.5,15.8,9.7
77,2015-03-19,0.0,,,,15.0,10.3
78,2015-03-20,3.6,15.3,14.5,13.7,21.1,12.2
79,2015-03-21,0.5,15.0,13.8,12.6,20.8,10.6
80,2015-03-22,0.0,15.4,13.8,12.1,14.2,7.2
81,2015-03-23,0.7,14.7,13.6,12.6,13.9,8.9
82,2015-03-24,1.9,14.5,13.4,12.3,12.8,6.7
83,2015-03-25,9.3,13.6,12.0,10.5,7.8,2.5
84,2015-03-26,0.0,15.3,11.8,8.2,10.8,3.6
85,2015-03-27,0.0,17.3,14.4,11.4,5.3,1.9
86,2015-03-28,0.0,20.2,16.8,13.4,8.6,3.1
87,2015-03-29,0.0,18.8,15.9,13.0,8.3,2.5
88,2015-03-30,0.0,19.9,16.6,13.3,7.8,1.4
89,2015-03-31,0.0,19.1,16.6,14.2,6.4,3.1
90,2015-04-01,0.8,16.8,14.8,12.7,12.5,4.2
91,2015-04-02,0.0,17.5,14.8,12.0,7.8,2.8
92,2015-04-03,0.0,16.8,14.1,11.4,7.2,3.6
93,2015-04-04,0.0,17.3,15.1,12.9,7.2,2.8
94,2015-04-05,0.0,16.7,14.1,11.5,9.4,5.3
95,2015-04-06,0.0,15.7,13.6,11.6,11.9,6.1
96,2015-04-07,0.0,15.6,12.6,9.7,14.2,5.8
97,2015-04-08,0.0,16.6,12.8,9.0,8.6,3.6
98,2015-04-09,0.0,16.2,12.4,8.5,6.1,2.5
99,2015-04-10,0.0,17.6,13.7,9.8,5.6,3.3
100,2015-04-11,0.0,16.3,13.9,11.5,10.0,4.2
101,2015-04-12,0.0,18.1,15.6,13.2,5.0,1.9
102,2015-04-13,0.0,18.6,15.0,11.3,5.8,3.1
103,2015-04-14,0.0,18.8,15.4,12.1,5.3,1.9
104,2015-04-15,0.1,18.9,15.9,12.9,9.4,5.0
106,2015-04-16,,18.1,16.8,15.4,7.2,2.5
107,2015-04-18,3.4,19.4,16.7,14.0,7.8,3.1
108,2015-04-19,0.1,19.1,16.8,14.4,10.6,5.0
109,2015-04-20,0.0,18.2,15.8,13.5,5.6,2.5
110,2015-04-21,0.0,21.5,17.6,13.6,4.7,1.7
112,2015-04-22,,,,,,2.8
113,2015-04-24,0.0,20.1,17.2,14.2,11.1,3.9
114,2015-04-25,0.1,17.8,17.0,16.3,7.8,3.9
115,2015-04-26,2.6,19.1,17.3,15.5,7.2,2.2
116,2015-04-27,0.1,21.7,18.2,14.7,12.8,3.6
117,2015-04-28,0.0,18.9,16.6,14.2,7.8,3.3
118,2015-04-29,0.0,18.2,15.8,13.4,9.2,4.2
119,2015-04-30,0.0,19.4,16.8,14.2,11.1,5.6
120,2015-05-01,0.0,22.3,18.8,15.4,11.7,4.2
121,2015-05-02,0.0,24.1,20.2,16.4,10.6,3.9
122,2015-05-03,0.0,,,,10.0,3.6
123,2015-05-04,0.0,18.7,17.2,15.6,7.8,2.8
124,2015-05-05,0.0,19.8,18.1,16.4,9.2,1.7
125,2015-05-06,0.0,21.6,19.0,16.4,7.5,3.3
126,2015-05-07,0.0,21.3,18.4,15.5,9.2,3.6
127,2015-05-08,0.0,25.4,21.3,17.2,14.2,4.4
128,2015-05-09,0.0,24.9,21.4,17.8,12.2,4.4
129,2015-05-10,0.0,24.8,21.2,17.5,10.6,3.6
130,2015-05-11,0.0,22.9,19.2,15.6,9.7,3.3
131,2015-05-12,,22.4,19.4,16.3,5.8,1.9
132,2015-05-13,0.0,26.6,22.3,18.0,11.9,4.4
133,2015-05-14,0.0,23.2,21.0,18.8,10.8,3.6
134,2015-05-15,0.0,25.6,20.5,15.4,18.3,4.2
135,2015-05-16,0.0,24.5,20.6,16.7,10.8,3.9
136,2015-05-17,0.0,22.0,19.3,16.6,6.7,2.8
137,2015-05-18,0.0,23.6,20.0,16.5,13.3,5.8
138,2015-05-19,26.1,20.1,17.2,14.4,8.6,3.1
139,2015-05-20,10.3,16.8,14.6,12.5,10.6,3.6
140,2015-05-21,0.2,19.8,16.6,13.3,15.0,4.7
141,2015-05-22,0.0,20.0,17.4,14.7,10.3,4.4
142,2015-05-23,0.0,21.5,17.9,14.3,10.3,4.4
143,2015-05-24,0.0,22.3,19.2,16.1,5.6,2.5
144,2015-05-25,0.0,22.7,19.8,17.0,9.4,3.3
145,2015-05-26,0.0,23.2,20.4,17.6,9.2,2.2
146,2015-05-27,0.0,20.9,18.9,16.9,6.9,2.8
147,2015-05-28,0.0,22.7,19.6,16.6,13.3,4.7
148,2015-05-29,0.0,21.2,19.6,17.9,10.3,3.9
149,2015-05-30,0.0,22.5,19.6,16.7,7.5,3.3
150,2015-05-31,0.0,22.5,20.1,17.7,5.6,2.2
151,2015-06-01,0.0,25.6,22.5,19.4,8.9,4.2
152,2015-06-02,0.0,23.4,21.5,19.6,9.7,4.7
153,2015-06-03,0.0,24.3,21.6,19.0,7.5,3.3
154,2015-06-04,0.0,23.9,21.6,19.3,7.8,3.1
155,2015-06-05,0.0,27.6,23.1,18.6,9.2,3.6
156,2015-06-06,0.0,25.8,23.0,20.3,6.7,3.6
157,2015-06-07,0.0,27.3,24.0,20.8,6.4,3.9
158,2015-06-08,0.0,29.8,26.4,23.1,10.8,2.2
159,2015-06-09,0.0,25.6,23.8,22.0,5.0,1.7
160,2015-06-10,0.0,26.1,24.0,21.8,8.3,3.3
161,2015-06-11,1.3,25.1,22.8,20.6,12.5,7.2
162,2015-06-12,0.0,25.3,22.8,20.2,13.6,3.9
163,2015-06-13,0.0,23.6,21.8,19.9,8.6,3.6
164,2015-06-14,0.0,25.3,23.0,20.7,9.4,3.1
165,2015-06-15,0.0,24.6,22.4,20.1,8.3,3.3
166,2015-06-16,0.5,24.5,21.5,18.5,8.9,1.7
167,2015-06-17,0.0,24.8,21.8,18.8,9.2,4.2
168,2015-06-18,0.0,25.0,22.4,19.8,8.3,4.7
169,2015-06-19,0.0,25.9,23.0,20.2,6.9,2.8
170,2015-06-20,0.0,26.8,23.9,21.0,7.8,4.2
171,2015-06-21,0.0,25.3,22.8,20.4,10.0,4.2
174,2015-06-22,0.0,27.4,24.4,21.4,13.9,5.0
175,2015-06-25,0.0,25.8,23.4,21.0,6.4,3.1
176,2015-06-26,0.0,26.1,24.1,22.1,8.9,4.2
177,2015-06-27,0.0,26.9,24.7,22.5,7.5,3.3
178,2015-06-28,0.0,27.5,25.0,22.6,6.1,1.9
179,2015-06-29,0.0,30.6,26.9,23.2,10.3,4.2
180,2015-06-30,0.0,29.4,26.6,23.7,8.9,2.8
181,2015-07-01,0.0,27.5,25.4,23.2,8.9,2.8
182,2015-07-02,0.0,27.2,25.5,23.8,14.7,6.1
183,2015-07-03,0.0,28.8,26.9,25.0,5.3,2.5
184,2015-07-04,0.0,,,,7.5,3.3
185,2015-07-05,0.0,33.4,29.2,25.1,8.9,4.4
186,2015-07-06,0.0,31.7,28.3,24.9,10.8,4.4
187,2015-07-07,0.0,31.0,27.4,23.7,11.1,4.4
188,2015-07-08,0.0,27.4,25.5,23.6,7.5,2.8
189,2015-07-09,0.0,27.8,26.0,24.3,9.7,3.6
190,2015-07-10,0.0,27.7,25.5,23.3,11.4,5.3
191,2015-07-11,0.0,27.5,25.5,23.5,6.9,4.2
192,2015-07-12,0.0,27.2,25.6,23.9,8.1,3.6
193,2015-07-13,0.0,28.1,26.2,24.2,7.8,3.6
194,2015-07-14,0.0,28.6,26.6,24.5,7.8,4.2
195,2015-07-15,0.0,28.3,26.4,24.5,8.1,3.3
196,2015-07-16,0.0,28.8,26.4,23.9,8.6,3.1
197,2015-07-17,0.0,29.2,26.8,24.4,5.3,2.2
198,2015-07-18,0.0,29.5,27.3,25.1,8.9,3.6
199,2015-07-19,0.0,29.6,27.4,25.3,8.1,2.8
200,2015-07-20,0.0,29.5,27.0,24.5,6.4,3.3
201,2015-07-21,0.3,29.9,28.1,26.3,7.8,3.1
202,2015-07-22,0.0,30.1,26.9,23.7,15.3,3.6
203,2015-07-23,0.0,29.7,27.1,24.5,12.5,5.8
204,2015-07-24,0.1,29.7,27.5,25.3,11.4,5.3
205,2015-07-25,0.0,27.4,25.9,24.4,6.9,2.2
206,2015-07-26,0.0,29.3,26.7,24.1,13.3,4.2
207,2015-07-27,0.0,26.4,25.4,24.3,8.9,5.0
208,2015-07-28,0.1,26.3,25.0,23.8,10.8,3.1
209,2015-07-29,0.0,28.9,26.8,24.6,10.8,4.7
210,2015-07-30,0.0,25.7,24.6,23.5,14.4,5.3
211,2015-07-31,12.3,26.2,24.2,22.3,11.9,3.9
212,2015-08-01,0.0,25.7,22.8,19.8,15.3,3.6
213,2015-08-02,0.0,27.1,24.4,21.7,12.5,5.0
214,2015-08-03,0.9,28.8,26.6,24.5,11.9,4.4
215,2015-08-04,0.0,29.2,26.8,24.3,8.6,4.4
216,2015-08-05,0.0,29.2,26.4,23.6,8.1,3.1
217,2015-08-06,0.0,28.9,26.5,24.1,5.6,2.5
218,2015-08-07,0.0,29.4,27.2,25.0,7.5,3.3
219,2015-08-08,1.6,29.0,26.0,23.1,10.8,2.5
220,2015-08-09,0.0,27.1,24.4,21.8,8.9,4.2
221,2015-08-10,0.0,27.3,24.7,22.1,9.4,2.8
222,2015-08-11,0.0,28.0,25.4,22.9,7.5,3.1
223,2015-08-12,0.0,27.9,26.4,24.9,8.1,3.3
224,2015-08-13,0.1,28.4,25.7,23.0,12.2,3.6
225,2015-08-14,0.8,27.9,24.6,21.2,11.7,5.3
226,2015-08-15,1.9,25.8,22.0,18.3,15.0,3.1
227,2015-08-16,0.0,26.5,22.4,18.3,9.7,3.3
228,2015-08-17,8.3,25.5,23.6,21.8,11.1,5.6
229,2015-08-18,3.7,23.8,20.9,18.0,10.0,1.4
230,2015-08-19,0.0,25.8,23.0,20.2,11.1,4.2
231,2015-08-20,0.0,28.3,25.0,21.7,8.3,3.6
232,2015-08-21,0.1,27.4,25.8,24.2,8.9,4.4
233,2015-08-22,0.2,28.3,26.3,24.3,6.7,1.9
234,2015-08-23,0.0,28.0,25.8,23.5,11.1,4.2
235,2015-08-24,0.0,31.4,27.4,23.5,13.9,6.1
236,2015-08-25,0.0,25.9,23.3,20.7,7.8,3.3
237,2015-08-26,0.0,27.3,24.8,22.2,11.4,5.0
238,2015-08-27,0.0,27.9,25.7,23.5,11.7,4.2
239,2015-08-28,0.0,28.4,25.9,23.4,5.3,1.9
240,2015-08-29,0.0,28.5,25.6,22.8,5.0,2.8
241,2015-08-30,0.0,28.5,25.2,22.0,5.8,3.3
242,2015-08-31,0.2,29.5,26.4,23.4,10.0,2.8
243,2015-09-01,0.0,28.5,25.8,23.2,11.9,2.8
244,2015-09-02,4.6,25.6,23.5,21.4,12.2,2.5
245,2015-09-03,0.5,23.9,22.4,21.0,13.3,8.3
246,2015-09-04,2.4,22.9,20.8,18.7,11.4,2.5
247,2015-09-05,0.0,23.9,21.0,18.2,8.1,3.9
248,2015-09-06,0.0,23.4,21.3,19.2,9.7,3.3
249,2015-09-07,0.0,23.9,21.6,19.4,7.5,4.2
250,2015-09-08,0.0,24.0,21.8,19.7,8.6,2.2
251,2015-09-09,0.0,24.6,21.3,18.0,5.3,2.5
252,2015-09-10,23.6,22.6,20.7,18.8,7.2,2.5
253,2015-09-11,0.4,24.5,21.6,18.8,4.2,2.2
254,2015-09-12,0.5,26.0,24.0,22.0,6.9,3.3
255,2015-09-13,0.0,25.5,22.8,20.2,10.0,3.6
256,2015-09-14,0.0,26.7,23.4,20.2,10.3,4.4
257,2015-09-15,0.0,25.4,22.2,18.9,8.6,2.5
258,2015-09-16,0.0,28.0,24.8,21.5,15.0,3.9
259,2015-09-17,0.0,28.0,24.4,20.7,12.5,6.1
260,2015-09-18,0.0,23.3,21.0,18.8,9.2,4.2
261,2015-09-19,0.0,23.0,20.2,17.5,10.6,3.9
262,2015-09-20,0.0,23.5,21.4,19.4,7.5,3.9
263,2015-09-21,0.0,23.9,21.1,18.3,5.8,2.8
264,2015-09-22,0.1,23.0,20.8,18.5,11.4,5.8
265,2015-09-23,2.7,21.6,19.8,18.0,10.8,4.2
266,2015-09-24,0.0,22.5,19.9,17.3,10.0,3.9
267,2015-09-25,0.0,23.0,20.0,17.1,5.6,2.8
268,2015-09-26,0.0,23.4,21.0,18.5,6.7,3.1
269,2015-09-27,0.0,23.4,21.0,18.7,5.0,2.2
270,2015-09-28,0.0,23.3,20.2,17.1,8.3,4.2
271,2015-09-29,0.2,,,,12.5,7.2
272,2015-09-30,3.5,20.1,18.9,17.7,19.2,5.0
273,2015-10-01,3.8,21.4,19.0,16.6,6.7,2.8
274,2015-10-02,32.0,22.6,19.4,16.3,6.1,2.8
275,2015-10-03,0.0,23.5,20.4,17.4,11.7,3.1
276,2015-10-04,0.0,22.1,19.8,17.4,9.4,1.9
277,2015-10-05,0.0,28.1,23.9,19.7,9.7,2.5
278,2015-10-06,0.0,28.8,24.6,20.4,15.6,3.6
279,2015-10-07,27.0,22.4,20.2,18.0,10.8,5.0
280,2015-10-08,0.4,21.3,19.4,17.5,7.8,2.8
281,2015-10-09,0.0,21.6,19.2,16.7,5.8,2.5
282,2015-10-10,0.0,22.7,18.8,14.9,10.6,3.6
283,2015-10-11,0.0,23.0,19.4,15.7,5.0,2.5
284,2015-10-12,0.5,21.4,20.2,19.0,7.5,4.4
285,2015-10-13,,,,,,2.2
286,2015-10-14,0.0,,,,,
287,2015-10-15,0.0,18.6,15.0,11.4,8.6,3.3
288,2015-10-16,0.0,18.6,15.8,13.1,6.9,3.3
289,2015-10-17,0.0,19.5,16.4,13.2,5.0,2.5
290,2015-10-18,0.0,21.0,18.7,16.4,4.7,1.7
291,2015-10-19,0.1,19.8,18.2,16.7,9.2,5.0
292,2015-10-20,0.0,19.0,17.6,16.2,6.7,3.3
293,2015-10-21,0.0,19.0,16.8,14.6,7.2,1.9
294,2015-10-22,0.0,21.3,16.7,12.1,7.8,3.1
295,2015-10-23,0.0,21.2,18.2,15.2,7.5,2.8
296,2015-10-24,0.0,20.4,17.3,14.2,5.0,1.4
297,2015-10-25,0.0,19.1,17.4,15.8,7.5,2.5
298,2015-10-26,6.3,18.8,17.6,16.5,7.5,3.6
299,2015-10-27,2.6,21.4,19.0,16.7,5.8,1.9
300,2015-10-28,0.0,21.8,18.6,15.5,12.5,3.6
301,2015-10-29,0.0,21.8,17.6,13.4,6.9,2.2
302,2015-10-30,0.0,21.8,18.1,14.4,5.0,2.8
303,2015-10-31,0.0,21.0,17.8,14.5,13.9,5.3
304,2015-11-01,0.0,19.5,17.8,16.2,15.8,8.6
305,2015-11-02,15.0,19.6,17.8,16.1,17.2,11.9
306,2015-11-03,1.3,20.8,18.2,15.7,9.7,2.5
307,2015-11-04,0.0,21.4,18.2,14.9,6.9,2.5
308,2015-11-05,0.0,20.1,17.4,14.8,5.0,1.9
309,2015-11-06,0.0,20.1,17.3,14.5,5.8,2.8
310,2015-11-07,0.0,20.1,17.4,14.8,4.7,1.4
311,2015-11-08,0.0,19.4,17.2,14.9,7.8,2.8
312,2015-11-09,0.0,22.8,18.4,14.1,5.3,1.1
313,2015-11-10,0.0,22.3,18.6,14.8,6.7,3.1
314,2015-11-11,0.0,20.7,17.6,14.4,5.3,2.2
315,2015-11-12,0.0,19.4,16.2,13.1,3.9,1.4
316,2015-11-13,0.0,19.1,16.8,14.6,7.5,1.9
317,2015-11-14,0.0,20.2,16.8,13.5,7.5,2.5
319,2015-11-15,0.0,21.8,16.4,11.0,5.6,3.3
320,2015-11-17,0.0,21.9,16.2,10.6,5.8,1.7
321,2015-11-18,0.0,21.5,16.2,10.8,6.7,2.2
322,2015-11-19,0.0,20.3,15.9,11.5,5.8,2.5
323,2015-11-20,0.0,21.3,16.7,12.1,10.6,2.2
324,2015-11-21,0.0,20.2,15.4,10.7,21.9,7.5
325,2015-11-22,0.0,14.2,11.1,8.0,13.3,2.8
326,2015-11-23,0.0,14.2,9.9,5.6,7.8,3.1
327,2015-11-24,0.0,15.2,10.0,4.8,7.2,2.5
328,2015-11-25,0.0,16.8,13.1,9.4,9.2,1.7
329,2015-11-26,0.0,16.5,12.8,9.0,8.3,4.2
330,2015-11-27,0.0,16.3,12.4,8.5,8.6,3.3
331,2015-11-28,0.0,18.4,13.2,7.9,8.1,1.7
332,2015-11-29,0.0,15.9,12.8,9.6,9.2,2.2
333,2015-11-30,0.0,16.9,12.2,7.4,6.7,3.6
334,2015-12-01,0.0,17.2,13.0,8.7,6.7,2.8
335,2015-12-02,0.0,16.1,11.7,7.3,4.4,1.7
336,2015-12-03,0.0,16.8,12.8,8.8,5.8,2.8
337,2015-12-04,0.0,16.3,12.8,9.3,5.0,2.2
338,2015-12-05,0.0,16.1,13.3,10.5,3.9,1.4
339,2015-12-06,0.0,17.0,14.2,11.5,4.7,1.1
340,2015-12-07,0.0,16.6,14.8,12.9,4.2,1.7
341,2015-12-08,0.0,18.2,15.9,13.6,8.9,1.7
342,2015-12-09,0.0,18.9,15.8,12.6,9.2,2.2
343,2015-12-10,0.0,16.8,13.4,9.9,5.6,3.1
344,2015-12-11,0.0,17.1,13.6,10.2,6.7,2.5
345,2015-12-12,0.0,16.1,12.8,9.5,6.9,2.5
346,2015-12-13,0.0,16.3,12.6,8.8,5.8,2.2
347,2015-12-14,0.0,15.1,11.2,7.2,6.4,1.9
348,2015-12-15,0.0,19.2,14.2,9.1,6.4,1.7
349,2015-12-16,0.0,18.2,14.2,10.1,5.0,2.2
350,2015-12-17,0.0,17.4,14.4,11.4,5.0,2.2
351,2015-12-18,0.0,17.4,13.6,9.9,4.4,1.9
352,2015-12-19,0.0,16.0,12.8,9.7,4.7,1.9
353,2015-12-20,0.0,15.3,14.2,13.0,4.4,1.7
354,2015-12-21,0.0,18.2,15.4,12.5,7.2,1.4
355,2015-12-22,0.0,16.7,13.6,10.6,10.0,2.2
356,2015-12-23,0.0,16.5,14.3,12.1,5.3,2.2
357,2015-12-24,0.0,17.4,15.1,12.8,8.3,1.9
358,2015-12-25,0.0,16.2,12.4,8.7,4.7,1.7
359,2015-12-26,0.0,16.2,11.8,7.5,6.9,2.8
360,2015-12-27,0.0,17.3,13.0,8.6,8.6,3.6
361,2015-12-28,0.0,17.6,13.8,9.9,5.0,2.8
362,2015-12-29,0.0,18.0,15.5,13.0,7.8,2.5
363,2015-12-30,0.0,18.6,14.8,11.1,7.2,2.2
364,2015-12-31,0.0,17.8,13.4,9.1,6.9,3.3
365,2016-01-01,0.1,15.9,13.0,10.1,6.9,2.8
366,2016-01-02,0.0,17.5,14.2,10.8,17.5,4.2
367,2016-01-03,0.0,15.0,12.6,10.1,13.6,3.1
368,2016-01-04,0.4,15.0,13.6,12.2,9.4,2.2
369,2016-01-05,0.0,15.2,12.8,10.3,12.8,2.5
370,2016-01-06,0.0,14.1,11.6,9.1,18.9,3.9
371,2016-01-07,0.0,20.6,16.2,11.7,15.3,3.9
372,2016-01-08,0.0,22.5,19.2,15.8,10.8,3.3
373,2016-01-09,0.0,19.4,17.0,14.7,12.2,3.9
374,2016-01-10,0.0,18.3,16.7,15.1,18.9,5.8
375,2016-01-11,0.0,18.7,16.3,13.9,20.8,6.9
376,2016-01-12,0.0,16.0,13.5,11.0,15.8,6.4
377,2016-01-13,0.0,14.9,11.8,8.8,7.5,2.5
378,2016-01-14,1.1,16.3,13.3,10.3,13.9,3.1
379,2016-01-15,0.1,13.1,10.8,8.6,11.4,2.5
380,2016-01-16,0.0,13.5,9.6,5.8,10.3,3.6
381,2016-01-17,0.0,13.1,8.7,4.3,6.9,2.5
382,2016-01-18,0.0,13.4,10.3,7.2,7.8,1.9
383,2016-01-19,0.0,13.2,10.4,7.5,8.3,2.8
384,2016-01-20,0.0,15.4,11.8,8.3,4.7,1.7
385,2016-01-21,0.0,14.9,11.2,7.6,5.3,2.5
386,2016-01-22,0.0,14.7,10.9,7.1,7.8,2.5
387,2016-01-23,0.0,16.5,13.2,9.9,6.9,2.5
388,2016-01-24,0.0,15.5,12.9,10.3,10.3,3.9
389,2016-01-25,0.0,16.9,15.0,13.0,11.1,3.9
390,2016-01-26,0.0,16.2,14.1,12.0,7.2,3.1
391,2016-01-27,0.0,18.4,14.5,10.6,7.8,2.5
392,2016-01-28,0.0,17.8,14.8,11.7,8.9,3.1
393,2016-01-29,0.0,16.0,14.2,12.3,4.7,1.9
394,2016-01-30,0.0,17.0,14.2,11.5,10.8,2.8
395,2016-01-31,0.0,17.4,13.2,9.1,8.6,2.2
396,2016-02-01,0.0,20.5,16.9,13.3,9.2,2.8
397,2016-02-02,0.0,17.0,13.5,10.0,9.4,2.2
398,2016-02-03,0.0,19.0,15.2,11.5,7.2,2.5
399,2016-02-04,0.0,14.3,11.2,8.1,7.8,3.3
400,2016-02-05,0.0,17.2,13.6,10.1,7.5,3.3
401,2016-02-06,0.5,16.0,13.0,9.9,5.6,2.5
402,2016-02-07,0.0,14.0,12.2,10.3,12.8,4.2
403,2016-02-08,0.0,18.9,13.6,8.2,10.6,1.7
404,2016-02-09,0.0,19.7,16.7,13.7,16.9,5.3
405,2016-02-10,0.4,17.7,14.6,11.4,14.7,2.5
406,2016-02-11,0.6,14.0,12.8,11.5,5.8,1.9
407,2016-02-12,0.0,20.1,15.8,11.6,11.7,2.5
408,2016-02-13,5.4,23.1,18.4,13.7,16.7,3.6
409,2016-02-14,12.0,18.2,13.1,8.0,14.2,4.4
410,2016-02-15,0.2,13.8,10.8,7.7,12.5,2.5
411,2016-02-16,0.0,13.3,9.6,6.0,10.3,3.6
412,2016-02-17,0.0,11.6,8.4,5.1,10.8,4.2
413,2016-02-18,0.0,12.9,10.2,7.4,6.7,1.9
414,2016-02-19,0.0,13.5,10.0,6.4,6.7,3.3
415,2016-02-20,0.0,14.5,10.4,6.2,10.8,3.9
416,2016-02-21,0.0,18.3,13.0,7.8,9.4,3.1
417,2016-02-22,0.0,19.4,16.0,12.5,10.8,3.9
418,2016-02-23,0.0,18.4,15.0,11.6,9.2,3.3
419,2016-02-24,0.0,16.7,13.8,10.9,10.3,4.2
420,2016-02-25,0.0,16.8,13.8,10.8,11.1,3.1
421,2016-02-26,6.9,15.2,13.4,11.6,9.4,2.8
422,2016-02-27,11.6,13.5,10.8,8.1,20.0,5.6
423,2016-02-28,0.0,14.3,11.5,8.7,13.9,6.1
424,2016-02-29,0.0,18.2,14.1,10.0,16.1,3.6
425,2016-03-01,0.0,19.7,14.5,9.3,9.2,1.9
426,2016-03-02,0.0,19.7,15.4,11.2,20.0,6.4
427,2016-03-03,0.0,18.8,14.2,9.7,12.2,4.4
428,2016-03-04,0.0,17.1,13.4,9.6,14.4,5.3
429,2016-03-05,0.0,16.4,13.0,9.5,14.2,3.9
430,2016-03-06,0.0,13.3,10.4,7.6,9.2,4.7
431,2016-03-07,0.1,13.4,10.4,7.5,8.9,2.5
432,2016-03-08,0.0,13.4,11.2,8.9,12.2,3.9
433,2016-03-09,0.5,11.1,9.9,8.7,7.8,2.8
434,2016-03-10,0.0,15.2,10.8,6.3,6.7,3.3
435,2016-03-11,0.0,13.8,10.6,7.3,6.9,2.5
436,2016-03-12,0.0,14.3,11.4,8.4,8.1,3.1
437,2016-03-13,0.0,14.3,11.0,7.7,9.2,5.0
438,2016-03-14,0.0,14.5,11.8,9.0,10.0,3.6
439,2016-03-15,1.4,14.9,12.0,9.0,8.6,2.2
440,2016-03-16,9.2,14.0,11.3,8.6,15.3,3.9
441,2016-03-17,0.1,13.1,10.6,8.0,8.9,3.6
442,2016-03-18,0.0,13.9,10.9,7.9,8.6,3.6
443,2016-03-19,10.9,15.4,13.4,11.4,6.1,3.1
444,2016-03-20,3.9,16.1,13.1,10.1,8.9,3.1
445,2016-03-21,0.0,16.3,13.3,10.3,6.4,2.5
446,2016-03-22,0.0,19.8,15.2,10.7,9.7,1.7
447,2016-03-23,0.0,17.1,13.3,9.5,10.3,4.2
448,2016-03-24,0.0,16.4,13.0,9.5,11.7,3.9
449,2016-03-25,0.1,15.8,13.0,10.1,8.9,2.5
450,2016-03-26,0.0,17.5,14.6,11.6,12.5,4.4
451,2016-03-27,0.0,16.6,14.2,11.7,8.6,3.3
452,2016-03-28,0.0,21.7,17.1,12.5,12.5,3.6
453,2016-03-29,0.0,21.7,18.0,14.3,10.8,3.6
454,2016-03-30,0.0,17.0,14.9,12.8,7.5,2.8
455,2016-03-31,6.2,20.9,15.9,10.9,13.3,5.3
456,2016-04-01,7.4,14.7,12.6,10.4,9.2,2.8
457,2016-04-02,0.0,15.8,13.8,11.8,7.2,1.9
458,2016-04-03,0.0,16.0,14.0,11.9,9.2,3.6
459,2016-04-04,12.0,16.8,14.8,12.9,6.1,1.9
460,2016-04-05,0.2,15.3,14.2,13.1,15.3,5.0
461,2016-04-06,0.0,18.0,15.2,12.3,7.2,1.9
462,2016-04-07,2.1,17.6,15.1,12.6,12.5,4.2
463,2016-04-08,3.0,13.3,11.0,8.6,10.6,4.2
464,2016-04-09,0.0,17.8,13.7,9.6,15.8,4.2
465,2016-04-10,0.0,17.5,14.3,11.1,11.4,3.9
466,2016-04-11,0.0,19.5,16.3,13.1,10.8,3.9
467,2016-04-12,0.0,17.7,15.5,13.3,8.3,3.6
468,2016-04-13,0.0,22.9,18.4,14.0,14.2,4.2
469,2016-04-14,0.0,20.2,16.7,13.2,11.7,5.6
470,2016-04-15,0.0,18.4,15.8,13.3,9.4,3.6
471,2016-04-16,0.0,22.7,18.4,14.1,15.0,4.7
472,2016-04-17,0.0,24.2,19.6,15.0,13.9,2.2
473,2016-04-18,0.0,18.3,16.2,14.0,8.3,3.6
474,2016-04-19,0.0,18.3,15.2,12.1,7.8,3.1
475,2016-04-20,7.8,18.3,16.2,14.2,16.1,9.4
476,2016-04-21,19.2,18.2,15.3,12.4,11.7,3.3
477,2016-04-22,0.0,17.5,15.6,13.7,8.6,2.8
478,2016-04-23,0.4,18.3,15.7,13.1,15.0,3.1
479,2016-04-24,0.0,17.8,14.7,11.6,8.6,3.6
480,2016-04-25,0.0,16.4,13.9,11.4,13.3,5.3
481,2016-04-26,0.0,18.2,14.8,11.4,9.7,3.9
482,2016-04-27,2.4,15.1,13.5,11.9,8.6,5.0
483,2016-04-28,,15.5,13.6,11.6,11.4,4.7
484,2016-04-29,1.3,17.5,15.0,12.5,16.7,4.2
485,2016-04-30,0.1,16.9,14.6,12.4,12.5,5.8
486,2016-05-01,0.0,20.7,15.4,10.1,11.9,6.4
487,2016-05-02,0.0,23.6,17.4,11.3,15.8,4.4
488,2016-05-03,0.0,19.6,15.8,12.1,5.6,2.2
489,2016-05-04,0.0,19.7,16.9,14.1,10.0,3.6
490,2016-05-05,0.1,19.9,16.8,13.8,10.8,4.7
491,2016-05-06,1.3,17.5,16.0,14.6,10.0,5.6
492,2016-05-07,2.1,18.0,16.1,14.2,8.3,3.3
493,2016-05-08,0.7,17.3,15.8,14.2,11.4,3.6
494,2016-05-09,1.4,17.3,15.8,14.2,13.6,6.9
495,2016-05-10,6.9,19.6,16.8,14.1,8.3,2.2
496,2016-05-11,0.0,20.8,17.6,14.4,12.8,5.0
497,2016-05-12,0.0,22.4,18.0,13.5,11.4,3.1
498,2016-05-13,0.0,19.8,17.0,14.2,9.4,2.5
499,2016-05-14,2.1,19.3,16.7,14.1,8.9,3.6
500,2016-05-15,0.0,21.7,18.4,15.2,6.1,2.2
501,2016-05-16,0.0,21.0,18.2,15.3,7.2,3.3
502,2016-05-17,0.0,20.1,18.2,16.4,10.0,5.3
503,2016-05-18,0.1,20.3,18.0,15.6,12.8,4.7
504,2016-05-19,0.0,21.8,19.0,16.1,8.9,2.8
505,2016-05-20,0.0,20.8,18.8,16.9,8.9,2.8
506,2016-05-21,0.0,21.5,19.2,17.0,12.8,5.0
507,2016-05-22,2.5,20.1,17.7,15.3,14.2,3.3
508,2016-05-23,0.0,21.1,17.2,13.2,11.9,4.4
509,2016-05-24,0.0,21.0,17.6,14.2,10.3,3.6
510,2016-05-25,0.0,21.0,18.4,15.7,6.4,2.2
511,2016-05-26,0.0,20.4,18.4,16.3,8.3,4.7
512,2016-05-27,0.0,22.4,19.8,17.1,6.4,3.1
513,2016-05-28,0.3,21.8,19.6,17.3,8.6,2.8
514,2016-05-29,0.0,26.5,22.2,18.0,15.3,4.2
515,2016-05-30,0.0,21.9,19.2,16.4,11.7,1.9
516,2016-05-31,0.3,22.3,19.2,16.2,9.4,3.6
517,2016-06-01,0.0,21.8,19.2,16.6,6.4,3.9
518,2016-06-02,0.0,21.4,19.2,17.1,6.4,3.6
519,2016-06-03,0.0,22.0,19.4,16.7,10.0,4.7
520,2016-06-04,0.0,24.8,21.4,18.1,5.8,1.7
521,2016-06-05,0.0,24.7,21.7,18.7,10.6,4.4
522,2016-06-06,0.0,22.2,20.4,18.7,10.6,3.1
523,2016-06-07,0.0,24.5,21.9,19.3,9.7,3.3
524,2016-06-08,0.0,24.4,22.2,20.0,6.4,4.2
525,2016-06-09,0.0,25.4,23.2,20.9,5.3,2.8
526,2016-06-10,0.0,25.8,23.4,21.1,8.3,4.4
527,2016-06-11,0.0,24.1,22.0,19.8,6.4,2.8
528,2016-06-12,0.0,24.3,22.4,20.6,8.9,3.9
529,2016-06-13,0.0,25.4,22.8,20.1,6.7,3.9
530,2016-06-14,0.1,25.0,22.5,20.0,11.9,5.3
531,2016-06-15,0.0,22.6,21.2,19.8,9.4,4.4
532,2016-06-16,0.0,25.1,22.0,19.0,15.8,5.6
533,2016-06-17,1.0,23.0,20.3,17.6,9.7,5.0
534,2016-06-18,11.1,21.2,17.7,14.2,11.9,3.9
535,2016-06-19,0.0,23.1,19.4,15.6,8.9,4.4
536,2016-06-20,0.0,22.7,20.0,17.3,6.9,3.9
537,2016-06-21,0.0,26.0,22.6,19.2,10.8,5.0
538,2016-06-22,0.0,26.5,23.4,20.2,10.3,5.0
539,2016-06-23,0.0,28.1,24.4,20.6,11.4,4.7
540,2016-06-24,0.0,25.7,22.7,19.7,8.6,3.3
541,2016-06-25,1.1,26.3,23.8,21.3,6.1,2.8
542,2016-06-26,0.0,24.7,23.0,21.2,8.3,3.6
543,2016-06-27,0.0,24.8,23.2,21.5,11.1,5.6
544,2016-06-28,0.0,26.3,23.6,20.9,11.9,5.0
545,2016-06-29,0.0,26.2,24.3,22.4,8.9,3.3
546,2016-06-30,0.0,26.1,23.8,21.6,6.7,4.4
547,2016-07-01,0.0,26.3,24.1,21.9,5.8,3.1
548,2016-07-02,0.0,27.0,24.6,22.3,7.5,3.6
549,2016-07-03,0.0,24.9,23.4,21.9,8.9,4.2
550,2016-07-04,0.0,25.9,23.8,21.8,6.7,3.3
551,2016-07-05,0.0,27.4,25.3,23.2,6.4,3.1
552,2016-07-06,0.0,28.5,25.8,23.1,11.7,5.0
553,2016-07-07,0.0,27.1,25.4,23.7,10.3,3.9
554,2016-07-08,0.1,28.4,26.2,24.0,10.6,2.5
555,2016-07-09,0.0,28.5,26.6,24.8,6.7,3.1
556,2016-07-10,0.0,28.6,26.8,24.9,9.2,4.7
557,2016-07-11,0.0,29.1,26.8,24.5,8.3,2.8
558,2016-07-12,0.0,27.3,25.4,23.5,10.8,3.9
559,2016-07-13,0.3,26.2,23.1,20.0,14.2,5.3
560,2016-07-14,0.0,24.4,22.3,20.2,11.1,5.6
561,2016-07-15,0.0,25.2,22.4,19.6,10.8,5.3
562,2016-07-16,0.0,25.9,23.2,20.6,8.9,4.2
563,2016-07-17,0.0,26.9,24.2,21.5,7.8,3.6
564,2016-07-18,0.0,26.0,23.4,20.8,5.3,2.5
565,2016-07-19,0.0,27.2,24.2,21.2,10.0,5.0
566,2016-07-20,0.6,29.4,26.4,23.4,14.2,4.4
567,2016-07-21,0.0,27.5,25.4,23.3,6.4,3.3
568,2016-07-22,5.8,27.7,24.5,21.3,11.9,2.8
569,2016-07-23,0.0,28.0,24.4,20.9,6.7,3.1
570,2016-07-24,0.0,27.6,24.5,21.4,8.3,4.2
571,2016-07-25,0.0,30.1,26.6,23.1,12.8,5.0
572,2016-07-26,0.0,30.0,27.0,24.0,11.7,5.0
573,2016-07-27,0.0,27.5,25.4,23.2,8.9,3.3
574,2016-07-28,0.0,27.4,25.6,23.9,10.6,5.3
575,2016-07-29,0.0,28.3,26.2,24.2,11.7,4.7
576,2016-07-30,0.0,27.2,26.0,24.7,10.8,5.3
577,2016-07-31,0.6,28.3,25.9,23.5,9.4,5.3
578,2016-08-01,0.0,26.3,25.0,23.7,11.7,5.0
579,2016-08-02,0.0,26.9,25.0,23.2,10.3,5.3
580,2016-08-03,0.0,27.4,26.0,24.5,10.8,5.0
581,2016-08-04,0.0,30.7,27.6,24.4,10.6,4.7
582,2016-08-05,0.0,26.5,25.0,23.4,11.4,5.6
583,2016-08-06,0.0,26.7,25.2,23.8,10.8,4.7
584,2016-08-07,0.0,27.9,24.8,21.8,6.7,2.8
585,2016-08-08,0.0,,,,10.8,4.4
586,2016-08-09,0.1,,,,9.7,4.4
587,2016-08-10,0.0,25.1,23.2,21.3,11.1,3.9
588,2016-08-11,0.0,25.2,23.0,20.9,7.8,4.2
589,2016-08-12,0.0,27.0,24.2,21.5,8.6,4.2
590,2016-08-13,0.0,26.3,24.0,21.8,7.2,3.3
591,2016-08-14,0.0,26.9,23.8,20.6,5.6,2.5
592,2016-08-15,0.0,26.9,24.1,21.3,8.3,3.6
593,2016-08-16,0.0,27.4,25.6,23.8,11.7,4.7
594,2016-08-17,0.0,28.6,26.1,23.6,10.0,3.3
595,2016-08-18,0.0,28.2,25.8,23.5,6.9,3.1
596,2016-08-19,0.0,27.7,25.6,23.5,8.6,3.3
599,2016-08-20,,27.2,25.4,23.7,12.8,6.9
600,2016-08-23,0.0,28.0,25.1,22.2,6.4,2.2
601,2016-08-24,0.0,28.5,24.8,21.0,5.8,2.2
602,2016-08-25,0.0,29.0,25.4,21.9,5.8,2.8
603,2016-08-26,0.0,28.1,25.0,21.8,5.6,2.5
604,2016-08-27,0.0,27.2,24.0,20.9,10.0,4.2
605,2016-08-28,0.0,27.5,26.0,24.4,8.6,4.7
606,2016-08-29,5.9,27.6,26.0,24.3,5.8,4.2
607,2016-08-30,2.1,25.3,23.6,21.9,10.0,3.3
608,2016-08-31,0.0,27.5,25.0,22.4,6.7,2.5
609,2016-09-01,0.0,29.9,26.8,23.8,8.6,3.1
610,2016-09-02,0.0,28.1,25.6,23.1,11.1,4.7
611,2016-09-03,0.0,29.1,26.8,24.6,12.5,3.6
612,2016-09-04,0.0,28.9,26.8,24.7,8.3,3.6
613,2016-09-05,0.0,30.7,27.6,24.4,6.7,2.2
614,2016-09-06,0.0,29.7,26.8,24.0,8.3,3.3
615,2016-09-07,0.0,28.2,25.8,23.5,10.3,3.6
616,2016-09-08,0.0,27.6,25.0,22.4,5.8,3.3
617,2016-09-09,1.2,28.1,26.2,24.4,10.3,3.6
618,2016-09-10,0.0,27.0,24.3,21.6,10.3,3.6
619,2016-09-11,0.0,28.7,25.4,22.2,9.7,3.6
620,2016-09-12,0.0,27.0,25.6,24.2,8.6,4.4
621,2016-09-13,13.6,28.8,24.4,19.9,10.3,3.1
622,2016-09-14,1.6,26.6,22.4,18.3,16.4,2.8
623,2016-09-15,0.0,25.3,21.6,18.0,12.2,3.9
624,2016-09-16,0.0,26.0,22.4,18.7,7.5,2.8
625,2016-09-17,0.1,23.3,20.6,17.8,15.0,3.9
626,2016-09-18,0.0,23.5,20.2,16.9,7.2,2.2
627,2016-09-19,0.0,26.2,22.4,18.6,11.4,3.9
628,2016-09-20,0.0,25.2,22.8,20.3,7.8,3.3
629,2016-09-21,0.0,25.6,22.8,20.1,9.2,4.4
630,2016-09-22,0.0,25.0,22.4,19.7,7.8,3.6
631,2016-09-23,11.1,24.8,21.6,18.3,9.2,4.4
632,2016-09-24,0.0,25.2,22.1,19.0,9.2,2.2
633,2016-09-25,1.4,25.2,22.0,18.7,14.4,4.7
634,2016-09-26,0.0,24.6,21.2,17.9,12.8,3.9
635,2016-09-27,2.6,25.6,22.8,20.0,7.2,2.2
636,2016-09-28,0.0,,,,11.7,5.3
637,2016-09-29,0.0,24.2,21.1,18.0,8.1,3.3
638,2016-09-30,0.0,24.9,21.9,18.9,7.5,2.8
639,2016-10-01,0.0,25.1,22.2,19.3,9.2,3.3
640,2016-10-02,0.0,24.9,22.6,20.4,13.6,3.9
641,2016-10-03,0.0,23.9,22.4,20.8,8.6,3.6
642,2016-10-04,0.0,24.2,22.0,19.9,8.6,3.6
643,2016-10-05,16.5,24.1,21.5,18.9,6.4,2.8
644,2016-10-06,2.4,21.0,18.4,15.7,14.2,3.3
645,2016-10-07,0.0,23.0,19.3,15.6,7.5,2.8
646,2016-10-08,0.4,22.1,20.6,19.2,9.4,4.4
647,2016-10-09,0.0,20.9,19.2,17.5,8.6,1.9
648,2016-10-10,0.0,19.0,18.0,17.0,5.0,1.4
649,2016-10-11,0.0,19.5,17.4,15.3,11.4,5.8
650,2016-10-12,53.6,19.9,17.3,14.7,9.4,2.5
651,2016-10-13,45.1,21.3,18.7,16.1,8.1,3.1
652,2016-10-14,0.0,21.4,18.5,15.6,8.6,2.8
653,2016-10-15,0.0,22.5,19.0,15.4,7.5,3.3
654,2016-10-16,0.0,23.7,19.4,15.1,5.3,3.3
655,2016-10-17,0.0,23.9,20.6,17.4,6.4,2.5
656,2016-10-18,0.0,22.9,20.4,17.9,10.8,3.9
657,2016-10-19,0.0,20.7,18.8,16.9,12.5,4.2
658,2016-10-20,0.0,18.7,17.3,15.9,8.9,3.1
659,2016-10-21,4.7,,,,7.2,2.2
660,2016-10-22,0.7,18.8,16.4,14.1,7.5,2.5
661,2016-10-23,0.0,23.0,19.8,16.7,6.7,2.5
662,2016-10-24,2.0,22.1,20.2,18.2,6.9,2.8
663,2016-10-25,1.3,22.0,20.4,18.9,6.4,1.9
664,2016-10-26,0.0,23.2,20.7,18.2,4.7,1.1
665,2016-10-27,0.0,22.4,19.8,17.2,5.8,2.2
666,2016-10-28,0.0,,,,6.1,1.9
667,2016-10-29,0.0,20.2,17.1,14.0,4.2,1.7
668,2016-10-30,0.0,19.5,16.4,13.3,5.0,2.5
669,2016-10-31,0.0,19.4,17.2,15.0,3.9,1.4
670,2016-11-01,0.0,21.3,18.0,14.7,9.2,3.3
671,2016-11-02,0.0,20.6,18.0,15.4,7.2,1.9
672,2016-11-03,0.0,20.0,16.6,13.1,5.8,2.5
673,2016-11-04,0.9,21.1,17.2,13.2,7.5,1.7
674,2016-11-05,0.0,22.6,18.8,15.1,17.2,4.4
675,2016-11-06,0.0,16.7,14.4,12.0,10.0,3.1
676,2016-11-07,0.0,14.9,12.2,9.4,6.9,3.1
677,2016-11-08,0.0,16.2,12.2,8.2,12.8,4.7
678,2016-11-09,0.0,18.9,14.8,10.8,20.3,5.0
679,2016-11-10,,,,,9.4,1.1
680,2016-11-11,0.2,18.8,15.3,11.8,6.7,2.5
681,2016-11-12,0.0,18.4,15.7,13.0,5.0,1.4
682,2016-11-13,0.0,17.7,14.5,11.3,5.3,1.9
683,2016-11-14,0.0,18.3,15.3,12.3,14.7,5.0
684,2016-11-15,0.0,16.7,13.2,9.7,8.3,3.9
685,2016-11-16,0.0,16.6,12.6,8.7,8.1,2.8
686,2016-11-17,0.0,18.0,13.7,9.4,5.3,2.5
687,2016-11-18,0.2,19.8,15.4,11.0,10.0,3.6
688,2016-11-19,0.0,18.6,15.9,13.2,7.8,3.9
689,2016-11-20,1.4,18.8,16.2,13.6,9.4,3.6
690,2016-11-21,5.6,18.9,17.6,16.2,14.2,6.1
691,2016-11-22,4.5,18.4,17.0,15.6,12.5,4.7
692,2016-11-23,16.9,18.9,15.8,12.6,16.9,7.8
693,2016-11-24,0.0,16.5,13.5,10.5,6.9,2.5
694,2016-11-25,0.0,15.8,12.7,9.6,6.4,0.8
695,2016-11-26,0.0,17.4,14.0,10.5,14.2,6.1
696,2016-11-27,2.1,17.2,15.2,13.1,13.9,7.2
697,2016-11-28,0.0,16.6,14.0,11.3,6.4,3.1
698,2016-11-29,0.0,16.0,13.4,10.9,14.7,5.3
699,2016-11-30,0.0,15.2,12.6,10.0,9.7,3.6
700,2016-12-01,0.0,16.2,12.0,7.9,7.2,2.8
701,2016-12-02,0.0,17.1,12.0,7.0,8.1,2.8
702,2016-12-03,0.0,14.6,10.8,7.1,7.2,3.6
703,2016-12-04,0.4,16.8,14.4,12.0,12.8,5.6
704,2016-12-05,0.0,,,,15.3,10.3
705,2016-12-06,0.0,,,,8.1,2.5
706,2016-12-07,0.0,,,,7.2,3.6
707,2016-12-08,0.0,,,,7.5,2.2
708,2016-12-09,0.0,,,,6.9,2.5
709,2016-12-10,0.0,18.6,14.5,10.4,6.9,2.5
710,2016-12-11,0.0,17.5,14.0,10.5,5.8,1.7
711,2016-12-12,0.0,17.3,13.0,8.7,5.0,1.4
712,2016-12-13,0.0,17.0,13.2,9.4,5.6,2.8
713,2016-12-14,0.0,,,,6.9,3.3
714,2016-12-15,0.3,,,,6.4,2.5
715,2016-12-16,3.9,,,,19.7,6.7
716,2016-12-17,0.4,,,,14.7,7.5
717,2016-12-18,0.0,,,,11.4,3.9
718,2016-12-19,9.8,14.4,12.2,9.9,16.4,5.6
719,2016-12-20,3.5,15.6,13.6,11.6,14.7,3.1
720,2016-12-21,0.0,20.0,16.0,12.1,10.3,2.5
721,2016-12-22,0.0,,,,5.3,2.5
722,2016-12-23,0.0,,,,4.2,1.1
723,2016-12-24,0.0,17.4,13.6,9.7,5.6,1.7
724,2016-12-25,0.0,18.4,14.4,10.4,9.2,1.7
725,2016-12-26,0.0,18.0,13.6,9.2,5.6,2.5
726,2016-12-27,0.0,18.5,14.2,10.0,5.3,2.5
727,2016-12-28,0.0,17.4,12.8,8.1,6.1,3.3
728,2016-12-29,0.0,16.1,11.8,7.4,7.2,2.8
729,2016-12-30,0.0,17.8,13.9,10.0,6.7,1.9
730,2016-12-31,0.0,16.8,12.8,8.9,5.8,2.8
731,2017-01-01,0.0,,,,6.1,1.9
732,2017-01-02,0.0,,,,9.4,2.2
733,2017-01-03,0.0,,,,7.2,2.8
734,2017-01-04,0.0,,,,6.7,2.2
735,2017-01-05,0.0,,,,7.5,1.7
736,2017-01-06,0.0,,,,6.1,2.5
737,2017-01-07,0.0,,,,6.1,1.9
738,2017-01-08,0.0,,,,5.8,1.4
739,2017-01-09,0.0,,,,7.5,2.2
740,2017-01-10,0.0,,,,7.8,2.8
741,2017-01-11,0.0,,,,9.4,4.2
742,2017-01-12,0.0,,,,10.3,2.8
743,2017-01-13,0.0,,,,18.3,5.8
744,2017-01-14,0.0,,,,11.4,3.1
745,2017-01-15,0.0,,,,11.7,3.1
746,2017-01-16,0.0,,,,14.2,3.1
747,2017-01-17,0.0,,,,17.2,3.1
748,2017-01-18,0.0,,,,6.7,1.1
749,2017-01-19,0.0,,,,21.4,8.9
750,2017-01-20,2.6,,,,20.0,9.2
751,2017-01-21,0.0,,,,18.3,7.5
752,2017-01-22,5.8,,,,16.4,6.7
753,2017-01-23,1.9,,,,15.8,2.5
754,2017-01-24,0.0,,,,7.5,2.5
755,2017-01-25,0.8,,,,13.9,6.1
756,2017-01-26,0.2,,,,6.4,2.2
757,2017-01-27,8.1,,,,12.5,3.6
758,2017-01-28,0.1,,,,9.7,2.5
759,2017-01-29,0.0,,,,9.7,3.6
760,2017-01-30,0.0,,,,5.8,1.9
761,2017-01-31,0.0,,,,8.6,3.3
762,2017-02-01,0.0,,,,7.8,1.9
763,2017-02-02,0.0,,,,13.9,3.6
764,2017-02-03,0.0,,,,14.4,2.8
765,2017-02-04,0.0,,,,18.3,5.0
766,2017-02-05,0.1,,,,22.5,6.7
767,2017-02-06,0.0,,,,19.2,5.6
768,2017-02-07,7.3,,,,18.1,1.9
769,2017-02-08,0.0,,,,13.9,2.8
770,2017-02-09,0.0,,,,7.2,3.1
771,2017-02-10,0.0,,,,4.7,2.5
772,2017-02-11,0.0,,,,12.8,6.7
773,2017-02-12,0.0,,,,14.7,9.4
774,2017-02-13,4.6,,,,18.1,9.4
775,2017-02-14,0.1,,,,9.4,3.6
776,2017-02-15,0.0,,,,8.6,3.6
777,2017-02-16,0.0,,,,5.3,1.9
778,2017-02-17,0.0,,,,8.3,3.6
779,2017-02-18,0.0,,,,5.3,2.5
780,2017-02-19,0.0,,,,7.2,3.9
781,2017-02-20,0.0,,,,7.8,1.4
782,2017-02-21,0.0,,,,6.9,2.2
783,2017-02-22,0.0,,,,7.8,3.1
784,2017-02-23,0.8,,,,9.2,3.1
785,2017-02-24,3.8,,,,9.2,2.2
786,2017-02-25,0.0,,,,6.7,2.5
787,2017-02-26,0.0,,,,10.3,3.3
788,2017-02-27,0.0,,,,10.8,4.7
789,2017-02-28,0.0,,,,15.3,4.2
790,2017-03-01,0.0,,,,11.1,3.6
791,2017-03-02,0.0,,,,8.1,3.9
792,2017-03-03,10.2,,,,12.2,4.4
793,2017-03-04,0.0,,,,19.7,5.3
794,2017-03-05,0.0,,,,13.1,4.2
795,2017-03-06,0.0,,,,16.7,5.0
796,2017-03-07,0.0,,,,9.7,3.6
797,2017-03-08,0.0,,,,7.8,3.3
798,2017-03-09,0.0,,,,4.2,1.7
799,2017-03-10,0.0,,,,7.5,3.6
800,2017-03-11,0.0,,,,5.6,2.2
801,2017-03-12,0.0,,,,8.9,3.6
802,2017-03-13,0.0,,,,18.9,8.6
803,2017-03-14,0.0,,,,7.8,2.5
804,2017-03-15,0.0,,,,4.7,2.5
805,2017-03-16,0.0,,,,6.7,2.8
806,2017-03-17,0.0,,,,9.4,2.8
807,2017-03-18,0.0,,,,5.6,1.7
808,2017-03-19,0.0,,,,7.5,2.5
809,2017-03-20,0.0,,,,5.8,1.4
810,2017-03-21,0.0,,,,7.8,3.1
811,2017-03-22,0.0,,,,10.6,3.1
812,2017-03-23,0.0,,,,10.8,3.3
813,2017-03-24,81.9,,,,11.1,2.8
814,2017-03-25,0.0,,,,13.3,2.5
815,2017-03-26,0.0,,,,7.5,2.8
816,2017-03-27,0.7,,,,10.3,5.0
817,2017-03-28,0.0,,,,5.3,3.1
818,2017-03-29,0.0,,,,6.4,2.8
819,2017-03-30,0.0,,,,8.9,3.3
820,2017-03-31,0.5,,,,9.2,2.2
821,2017-04-01,4.9,,,,9.2,2.8
822,2017-04-02,1.2,,,,8.9,3.1
823,2017-04-03,0.0,,,,8.3,3.3
824,2017-04-04,0.0,,,,11.1,3.6
825,2017-04-05,1.4,,,,9.4,2.5
826,2017-04-06,0.0,,,,7.5,3.3
827,2017-04-07,0.0,,,,6.9,2.8
828,2017-04-08,0.0,,,,7.8,3.1
829,2017-04-09,0.0,,,,8.3,3.6
830,2017-04-10,0.0,,,,12.5,3.3
831,2017-04-11,0.0,,,,11.1,2.8
832,2017-04-12,0.0,,,,5.6,2.8
833,2017-04-13,0.0,,,,7.5,2.8
834,2017-04-14,0.0,,,,4.7,1.4
835,2017-04-15,0.0,,,,7.5,3.1
836,2017-04-16,0.0,,,,10.3,3.9
837,2017-04-17,0.0,,,,8.9,3.6
838,2017-04-18,0.0,,,,11.7,2.8
839,2017-04-19,0.0,,,,14.2,5.0
840,2017-04-20,0.0,,,,13.3,5.8
841,2017-04-21,0.0,,,,7.8,3.9
842,2017-04-22,0.0,,,,13.9,4.7
843,2017-04-23,0.0,,,,7.5,2.8
844,2017-04-24,0.0,,,,7.8,3.1
845,2017-04-25,0.3,,,,11.1,3.9
846,2017-04-26,14.4,,,,13.1,6.9
847,2017-04-27,5.8,,,,7.2,2.2
848,2017-04-28,0.0,,,,7.8,3.3
849,2017-04-29,0.2,,,,12.5,4.7
850,2017-04-30,0.4,,,,13.3,5.6
851,2017-05-01,0.0,,,,11.7,2.8
852,2017-05-02,0.0,,,,12.2,3.3
853,2017-05-03,0.5,,,,6.1,3.1
854,2017-05-04,0.0,,,,8.3,3.6
855,2017-05-05,0.0,,,,12.2,7.8
856,2017-05-06,0.0,,,,13.9,5.0
857,2017-05-07,0.0,,,,12.5,2.8
858,2017-05-08,0.0,,,,6.1,2.5
859,2017-05-09,0.1,,,,6.4,3.3
860,2017-05-10,0.3,,,,9.4,4.4
861,2017-05-11,8.7,,,,10.8,5.0
862,2017-05-12,0.0,,,,14.7,5.3
863,2017-05-13,0.0,,,,13.1,4.2
864,2017-05-14,0.0,,,,5.0,1.7
865,2017-05-15,0.0,,,,5.3,1.4
866,2017-05-16,0.0,,,,6.7,1.9
867,2017-05-17,0.0,,,,5.0,1.9
868,2017-05-18,0.1,,,,8.9,3.3
869,2017-05-19,0.0,,,,14.2,4.7
870,2017-05-20,0.0,,,,10.3,3.9
871,2017-05-21,0.0,,,,11.4,4.2
872,2017-05-22,0.0,,,,8.6,3.3
873,2017-05-23,0.0,,,,7.8,4.2
874,2017-05-24,0.0,,,,9.7,3.9
875,2017-05-25,0.0,,,,10.0,3.9
876,2017-05-26,0.0,,,,7.8,4.7
877,2017-05-27,0.0,,,,8.1,3.1
878,2017-05-28,0.0,,,,5.0,2.5
879,2017-05-29,2.0,,,,5.0,1.7
880,2017-05-30,0.6,,,,7.8,3.1
881,2017-05-31,0.0,,,,5.6,2.2
882,2017-06-01,0.0,,,,5.6,2.8
883,2017-06-02,0.0,,,,7.5,3.3
884,2017-06-03,0.0,,,,11.9,3.3
885,2017-06-04,2.1,,,,10.8,3.6
886,2017-06-05,0.0,,,,12.2,3.6
887,2017-06-06,0.0,,,,11.7,4.2
888,2017-06-07,0.0,,,,7.2,4.4
889,2017-06-08,0.2,,,,10.3,5.0
890,2017-06-09,0.6,,,,7.2,2.5
891,2017-06-10,0.0,,,,8.3,3.6
892,2017-06-11,0.0,,,,7.5,3.1
893,2017-06-12,0.0,,,,5.8,2.5
894,2017-06-13,0.0,,,,8.1,3.6
895,2017-06-14,0.2,28.0,25.0,22.0,8.9,4.2
896,2017-06-15,0.0,27.2,24.8,22.5,6.9,2.8
897,2017-06-16,0.0,29.3,26.3,23.3,9.2,4.4
898,2017-06-17,0.0,28.0,26.2,24.3,5.6,3.1
899,2017-06-18,0.0,27.8,25.2,22.6,6.9,4.2
900,2017-06-19,0.0,27.3,24.7,22.1,5.8,4.2
901,2017-06-20,0.0,27.4,25.6,23.8,11.4,5.6
902,2017-06-21,0.0,29.1,26.2,23.4,10.3,3.3
903,2017-06-22,0.0,28.6,26.0,23.3,11.9,5.0
904,2017-06-23,0.0,28.4,26.4,24.5,13.3,5.6
905,2017-06-24,0.6,27.4,25.1,22.8,10.8,5.0
906,2017-06-25,1.0,27.9,24.6,21.2,7.8,2.2
907,2017-06-26,0.0,28.6,25.5,22.4,7.5,2.2
908,2017-06-27,0.0,27.3,25.0,22.6,6.4,2.5
909,2017-06-28,0.3,30.5,25.4,20.2,18.3,3.6
910,2017-06-29,4.9,27.0,23.2,19.5,14.7,4.2
911,2017-06-30,0.0,27.3,22.0,16.6,12.5,5.3
912,2017-07-01,0.0,23.6,20.8,17.9,7.8,4.2
913,2017-07-02,0.0,24.2,21.2,18.2,8.6,4.7
914,2017-07-03,0.0,26.0,22.8,19.6,9.7,4.2
915,2017-07-04,0.0,25.7,23.0,20.4,8.1,4.2
916,2017-07-05,0.0,27.1,23.8,20.4,7.2,3.1
917,2017-07-06,0.0,26.7,23.9,21.1,6.4,3.3
918,2017-07-07,0.0,26.5,24.4,22.3,8.1,3.9
919,2017-07-08,0.0,27.3,25.4,23.4,13.6,7.5
920,2017-07-09,0.0,28.6,25.8,23.0,8.9,4.4
921,2017-07-10,0.0,27.8,25.2,22.5,5.6,2.2
922,2017-07-11,0.0,27.5,25.4,23.3,8.3,3.1
923,2017-07-12,0.0,28.0,25.7,23.4,11.9,4.2
924,2017-07-13,0.0,27.1,25.6,24.1,11.9,5.0
925,2017-07-14,0.0,25.8,25.0,24.2,7.8,4.2
926,2017-07-15,0.0,28.1,25.6,23.2,8.3,3.6
927,2017-07-16,0.0,27.9,26.1,24.3,7.8,3.6
928,2017-07-17,0.0,28.4,26.0,23.5,6.4,3.9
929,2017-07-18,0.0,28.2,25.7,23.2,9.2,3.9
930,2017-07-19,0.0,28.3,26.2,24.2,8.9,4.2
931,2017-07-20,0.0,26.4,25.1,23.8,14.4,8.1
932,2017-07-21,0.0,28.5,25.8,23.2,7.5,2.8
933,2017-07-22,0.0,27.5,25.0,22.5,7.8,3.6
934,2017-07-23,3.2,27.9,25.0,22.0,11.1,2.5
935,2017-07-24,0.0,27.5,24.3,21.1,11.7,3.9
936,2017-07-25,0.6,25.5,23.6,21.8,11.1,5.3
937,2017-07-26,0.0,25.5,23.4,21.2,10.3,3.3
938,2017-07-27,0.0,27.8,24.6,21.5,9.4,4.2
939,2017-07-28,0.0,28.0,26.1,24.2,7.5,3.1
940,2017-07-29,0.0,28.8,25.8,22.8,5.8,2.5
941,2017-07-30,0.0,29.1,26.4,23.7,7.8,3.1
942,2017-07-31,0.0,27.1,25.6,24.2,11.4,6.1
943,2017-08-01,0.5,27.5,26.0,24.6,10.3,6.4
944,2017-08-02,0.0,31.3,27.9,24.5,7.2,2.5
945,2017-08-03,0.0,33.3,29.0,24.8,10.0,3.6
946,2017-08-04,0.0,30.8,28.0,25.3,6.9,3.1
947,2017-08-05,0.1,31.3,28.6,26.0,10.8,4.7
948,2017-08-06,0.0,28.9,27.1,25.3,7.5,3.6
949,2017-08-07,0.0,27.7,26.3,24.9,10.8,4.4
950,2017-08-08,2.8,27.0,24.8,22.5,17.5,5.3
951,2017-08-09,1.7,,,,10.8,4.7
952,2017-08-10,0.0,25.3,22.0,18.6,12.5,4.7
953,2017-08-11,0.0,24.5,21.8,19.0,12.2,6.1
954,2017-08-12,0.0,25.1,22.8,20.5,9.2,3.9
955,2017-08-13,0.0,26.7,23.4,20.2,8.6,3.9
956,2017-08-14,0.0,27.0,24.6,22.2,9.7,4.4
957,2017-08-15,0.0,27.8,24.8,21.7,7.5,3.1
958,2017-08-16,0.0,27.1,25.2,23.3,8.9,3.6
959,2017-08-17,0.0,28.2,25.6,23.0,9.4,3.1
960,2017-08-18,0.0,29.5,26.6,23.8,11.1,4.4
961,2017-08-19,0.0,26.9,25.5,24.1,8.1,3.9
962,2017-08-20,0.0,26.6,25.4,24.1,8.3,3.6
963,2017-08-21,0.0,27.7,25.0,22.4,7.8,3.1
964,2017-08-22,0.0,27.4,25.0,22.7,10.8,4.2
965,2017-08-23,0.0,28.8,26.2,23.6,10.0,3.3
966,2017-08-24,0.0,28.7,26.5,24.3,9.4,4.4
967,2017-08-25,0.0,29.3,25.9,22.5,6.4,3.3
968,2017-08-26,0.0,28.8,26.2,23.6,5.8,3.3
969,2017-08-27,0.0,28.3,26.2,24.1,8.6,3.1
970,2017-08-28,0.0,28.9,26.8,24.6,6.1,2.8
971,2017-08-29,0.1,31.4,28.4,25.3,12.8,3.3
972,2017-08-30,0.9,27.4,25.2,23.1,13.6,3.9
973,2017-08-31,10.7,24.5,22.4,20.3,13.3,5.6
974,2017-09-01,0.0,24.7,22.4,20.1,9.2,3.3
975,2017-09-02,0.0,24.0,21.4,18.8,13.1,4.4
976,2017-09-03,0.7,26.2,23.0,19.7,8.6,3.6
977,2017-09-04,0.0,25.3,23.0,20.8,8.9,4.2
978,2017-09-05,0.0,27.0,23.9,20.8,10.3,4.2
979,2017-09-06,5.4,27.7,24.5,21.3,12.8,4.7
980,2017-09-07,0.0,24.3,22.2,20.2,8.9,3.9
981,2017-09-08,0.0,24.2,22.2,20.1,10.3,3.9
982,2017-09-09,10.0,24.8,21.0,17.1,16.4,5.3
983,2017-09-10,0.0,26.1,21.0,15.8,12.2,5.3
984,2017-09-11,0.7,,,,10.3,5.6
985,2017-09-12,1.6,23.2,21.7,20.2,12.8,3.3
986,2017-09-13,0.0,26.1,22.8,19.4,13.6,4.7
987,2017-09-14,5.1,25.7,21.4,17.2,14.7,5.0
988,2017-09-15,3.3,17.3,15.8,14.4,6.9,2.5
989,2017-09-16,0.0,21.2,17.4,13.5,8.6,3.3
990,2017-09-17,3.2,23.0,18.4,13.9,12.8,5.0
991,2017-09-18,0.5,20.7,19.2,17.7,10.6,6.7
992,2017-09-19,0.0,22.6,20.0,17.3,8.1,3.9
993,2017-09-20,0.0,23.1,19.6,16.1,7.2,3.3
994,2017-09-21,0.0,24.7,20.8,17.0,10.0,3.6
995,2017-09-22,0.0,22.7,20.8,19.0,7.5,1.7
996,2017-09-23,0.0,24.0,21.2,18.5,8.1,3.3
997,2017-09-24,0.0,25.1,22.6,20.0,10.3,3.1
998,2017-09-25,0.0,23.6,21.2,18.8,13.1,5.3
999,2017-09-26,0.7,23.7,21.2,18.6,8.3,3.3
1000,2017-09-27,0.0,23.5,21.0,18.4,7.8,3.6
1001,2017-09-28,0.0,24.6,21.8,19.1,5.3,3.1
1002,2017-09-29,0.0,23.6,21.0,18.5,7.2,3.3
1003,2017-09-30,6.6,23.6,21.2,18.8,11.7,2.5
1004,2017-10-01,1.4,20.6,19.7,18.8,11.1,3.3
1005,2017-10-02,0.0,24.5,21.8,19.1,5.3,2.8
1006,2017-10-03,0.0,24.2,22.4,20.6,5.8,3.3
1007,2017-10-04,0.0,23.0,21.4,19.8,7.5,2.8
1008,2017-10-05,0.0,25.6,22.8,19.9,10.3,3.1
1009,2017-10-06,0.0,24.0,22.0,19.9,7.8,4.2
1010,2017-10-07,0.0,22.3,19.7,17.1,9.2,3.1
1011,2017-10-08,0.0,22.9,19.4,16.0,8.6,3.3
1012,2017-10-09,0.0,23.4,20.0,16.5,9.7,3.9
1013,2017-10-10,0.0,24.1,21.2,18.3,8.1,3.6
1014,2017-10-11,0.0,23.8,21.3,18.8,10.8,3.9
1015,2017-10-12,0.0,23.8,20.9,18.0,8.6,3.1
1016,2017-10-13,0.0,24.2,21.5,18.8,5.0,2.2
1017,2017-10-14,0.0,23.9,21.3,18.7,6.1,3.3
1018,2017-10-15,0.0,24.0,21.0,18.0,5.8,3.1
1019,2017-10-16,0.0,24.3,21.5,18.7,5.8,2.8
1020,2017-10-17,0.0,23.9,20.8,17.8,6.1,2.8
1021,2017-10-18,37.3,23.2,19.8,16.3,14.7,2.8
1022,2017-10-19,31.6,19.2,17.4,15.6,18.6,4.7
1023,2017-10-20,0.1,22.9,19.8,16.7,6.1,1.9
1024,2017-10-21,4.0,23.4,20.4,17.4,11.4,2.8
1025,2017-10-22,0.0,21.9,19.0,16.0,9.2,3.6
1026,2017-10-23,0.0,20.4,17.4,14.4,8.6,3.1
1027,2017-10-24,0.0,21.8,17.8,13.9,6.9,2.5
1028,2017-10-25,0.0,23.0,18.9,14.8,5.3,2.5
1029,2017-10-26,0.0,22.3,18.6,15.0,6.4,2.5
1030,2017-10-27,0.0,22.5,19.0,15.6,8.1,3.6
1031,2017-10-28,0.0,22.2,19.5,16.8,6.9,3.1
1032,2017-10-29,0.0,23.5,19.2,15.0,8.9,2.5
1033,2017-10-30,0.0,20.8,17.6,14.4,9.2,3.1
1034,2017-10-31,0.0,19.3,16.8,14.3,8.3,1.9
1035,2017-11-01,0.0,20.1,16.3,12.5,9.2,2.5
1036,2017-11-02,0.0,21.9,18.8,15.8,9.4,3.3
1037,2017-11-03,0.0,21.2,18.2,15.1,8.6,3.3
1038,2017-11-04,5.3,22.5,18.9,15.3,9.4,2.5
1039,2017-11-05,0.0,20.3,16.8,13.2,9.2,2.5
1040,2017-11-06,0.0,17.6,14.2,10.9,13.6,3.3
1041,2017-11-07,0.0,16.3,12.8,9.4,10.3,2.2
1042,2017-11-08,0.0,14.9,11.6,8.3,6.7,1.9
1043,2017-11-09,0.0,15.3,12.0,8.6,7.5,1.9
1044,2017-11-10,0.0,16.2,12.2,8.3,7.5,3.3
1045,2017-11-11,0.0,18.7,14.2,9.8,6.7,2.5
1046,2017-11-12,0.0,18.8,15.8,12.7,13.3,2.5
1047,2017-11-13,0.0,16.8,13.5,10.2,15.3,3.9
1048,2017-11-14,0.0,16.3,12.6,9.0,10.0,2.5
1049,2017-11-15,0.0,16.6,12.6,8.5,7.5,1.9
1050,2017-11-16,0.0,17.1,12.8,8.5,6.1,2.8
1051,2017-11-17,0.0,19.9,13.8,7.8,6.4,1.7
1052,2017-11-18,0.0,19.6,15.0,10.4,6.1,3.1
1053,2017-11-19,0.0,18.9,14.4,10.0,6.4,2.2
1054,2017-11-20,0.0,18.3,13.7,9.1,8.9,2.5
1055,2017-11-21,0.0,19.1,14.0,8.8,9.7,2.2
1056,2017-11-22,0.0,18.5,13.7,8.9,9.4,3.9
1057,2017-11-23,0.0,19.2,14.8,10.5,7.5,1.9
1058,2017-11-24,0.0,21.4,16.6,11.7,5.8,2.2
1059,2017-11-25,4.7,18.3,14.9,11.5,8.3,3.6
1060,2017-11-26,0.0,15.0,12.2,9.4,8.6,1.4
1061,2017-11-27,0.0,14.4,10.8,7.2,7.5,3.9
1062,2017-11-28,0.0,15.5,11.9,8.3,7.8,2.5
1063,2017-11-29,0.0,13.5,10.2,6.9,8.6,2.8
1064,2017-11-30,0.0,14.0,10.1,6.2,8.1,1.9
1065,2017-12-01,0.0,9.1,7.6,6.1,16.4,2.2
1066,2017-12-02,0.0,10.4,7.1,3.8,11.1,3.3
1067,2017-12-03,0.0,13.2,9.4,5.7,9.7,2.2
1068,2017-12-04,0.0,14.6,10.1,5.6,7.8,0.8
1069,2017-12-05,0.0,13.7,9.4,5.0,6.7,2.5
1070,2017-12-06,0.0,14.9,9.6,4.4,6.7,3.3
1071,2017-12-07,0.0,15.4,10.8,6.2,8.1,2.8
1072,2017-12-08,0.0,13.9,11.3,8.7,11.9,3.3
1073,2017-12-09,0.0,12.1,10.2,8.3,5.8,1.9
1074,2017-12-10,0.1,16.9,13.9,10.9,8.3,2.2
1075,2017-12-11,1.2,16.6,13.9,11.2,16.9,5.6
1076,2017-12-12,0.0,12.4,10.0,7.5,10.0,1.9
1077,2017-12-13,0.0,13.8,10.2,6.7,9.7,3.1
1078,2017-12-14,0.0,15.9,13.6,11.2,12.2,2.8
1079,2017-12-15,0.0,15.6,12.5,9.4,11.7,4.2
1080,2017-12-16,0.0,14.9,11.2,7.5,20.0,3.1
1081,2017-12-17,0.0,14.1,9.6,5.0,6.1,2.8
1082,2017-12-18,0.0,10.3,8.6,7.0,8.6,1.4
1083,2017-12-19,0.0,12.9,9.4,5.9,10.0,3.6
1084,2017-12-20,0.0,13.6,10.3,7.0,7.5,1.7
1085,2017-12-21,0.0,15.2,12.2,9.2,6.1,2.2
1086,2017-12-22,0.0,16.5,13.2,10.0,6.7,1.9
1087,2017-12-23,0.0,15.4,12.0,8.7,6.7,3.1
1088,2017-12-24,0.0,15.5,11.6,7.7,6.1,1.7
1089,2017-12-25,0.0,15.1,11.5,7.9,7.2,1.4
1090,2017-12-26,1.1,15.2,12.4,9.6,9.2,1.9
1091,2017-12-27,0.0,13.8,10.6,7.4,23.3,5.6
1092,2017-12-28,0.0,12.7,9.8,6.9,13.9,3.3
1093,2017-12-29,0.0,14.4,10.4,6.5,8.9,2.2
1094,2017-12-30,0.0,20.3,15.9,11.5,10.8,2.5
1095,2017-12-31,0.0,18.8,14.6,10.5,15.6,2.8
